year1,yearType,"values(singleYears)","values(startYears)","values(endYears)"
"*",any,,6337,347143
"*",birth,,2453,78747
"*",death,,2901,50032
"*",marriage,,1002,26816
"*",residence,,694,8991
1,any,,150,
1,birth,,30,4
1,death,,7,3
1,marriage,,12,3
2,any,,9,
2,birth,,5,
2,death,,3,
3,any,,,2
3,death,,,2
4,any,,8,
5,any,,4,
5,birth,,2,
6,any,,3,
6,birth,,2,
6,death,,3,
7,any,,1,
7,birth,,4,
7,death,,,1
8,any,,3,
9,any,,3,
10,any,,20,1
11,any,,1,
12,any,,1,
13,any,,1,
14,any,,,1
15,any,,5,
16,any,,7,
17,any,,8,
17,birth,,2,
17,death,,1,
18,any,,43,2
18,birth,,14,2
18,death,,14,
18,marriage,,6,
18,residence,,3,
19,any,,55,
19,birth,,30,
19,death,,6,
20,any,,10,
20,death,,3,
21,any,,2,
22,any,,4,
23,any,,1,
25,any,,3,
26,any,,3,
27,any,,10,
27,death,,2,
28,any,,6,
29,any,,6,
29,birth,,2,
30,any,,8,
31,any,,2,
32,any,,4,
32,birth,,3,
33,any,,7,4
34,any,,2,1
34,birth,,,1
36,any,,6,
37,any,,2,
38,any,,6,
39,any,,14,
39,birth,,12,
40,any,,20,1
40,birth,,12,
41,any,,1,
42,any,,2,
43,any,,1,
44,any,,11,
46,any,,3,
47,any,,1,
49,any,,,3
50,any,,12,11
50,birth,,2,10
52,any,,2,1
55,any,,2,2
57,any,,1,
60,any,,11,
60,birth,,2,
60,death,,6,
60,marriage,,1,
61,any,,,2
61,death,,,2
64,any,,1,
65,any,,4,4
65,death,,,4
66,any,,1,4
69,any,,1,2
69,birth,,,2
70,any,,8,12
70,birth,,3,2
70,death,,3,
70,residence,,3,
71,any,,5,
74,any,,2,
76,any,,1,2
77,death,,2,
78,any,,3,3
79,any,,,1
80,any,,,3
80,death,,,5
83,any,,1,
89,any,,1,
90,any,,2,4
90,birth,,,4
91,any,,1,
93,any,,3,
95,any,,1,
96,any,,2,
97,any,,1,
100,any,,24,6
100,birth,9,8,2
105,any,,1,
110,any,,1,
111,any,,2,
115,birth,,1,
120,any,,4,1
120,birth,,1,
129,any,,1,
130,any,,4,14
134,any,,2,
140,any,,1,
140,birth,,1,
146,residence,,1,
150,any,,3,
151,any,,1,
157,any,,1,
159,any,,1,
160,any,,3,
161,any,,1,
163,any,,3,
163,death,,2,
167,any,,2,
168,any,,1,
168,birth,,1,
170,any,,4,
173,any,,1,
174,any,,2,
175,any,,6,
176,any,,1,
177,any,,3,
177,birth,,2,
178,any,,2,
178,marriage,,2,
179,any,,1,
180,any,,7,
180,birth,,3,
180,death,,2,
180,residence,,2,
182,any,,2,
183,any,,6,
184,any,,5,
185,any,,8,
185,birth,,18,
185,death,,24,
186,any,,3,
187,any,,4,
187,birth,,2,
188,any,,4,
189,birth,,1,
190,any,,6,
190,birth,,1,
191,any,,1,
192,any,,9,
192,birth,,3,
192,death,,4,
193,any,,5,
194,any,,5,
196,any,,2,
196,birth,,1,
197,any,,6,
197,birth,,2,
198,any,,3,
198,birth,,1,
199,any,,2,
200,any,,27,4
200,birth,2,11,
200,death,,1,
200,residence,,3,
201,any,,3,3
202,any,,1,
204,any,,1,
206,any,,,1
208,any,,1,
209,any,,5,
209,death,,4,
220,any,,1,
220,birth,,1,
224,any,,2,
228,any,,2,
242,any,,6,
242,birth,,6,
245,any,,1,
247,any,,1,
247,birth,,2,
283,any,,1,
299,any,,1,
300,any,,3,
300,birth,2,2,1
304,any,,1,
323,any,,1,
348,any,,,4
348,birth,,,4
350,any,,5,
350,birth,,,1
355,any,,2,
356,any,,3,
380,any,,1,6
390,birth,,4,
399,birth,,,2
400,any,,7,5
400,birth,2,,
401,any,,,1
402,any,,3,
402,birth,,2,
409,any,,1,
410,any,,1,
420,birth,,6,
450,birth,,3,
470,any,,2,
470,birth,,2,
475,birth,,1,
480,birth,,1,
499,birth,,,1
500,any,,55,10
500,birth,1,7,6
502,any,,2,
511,any,,1,
520,birth,,,1
527,any,,2,
530,any,,6,
530,birth,,4,
534,any,,1,
540,birth,,3,
545,any,,1,
547,any,,1,
550,birth,,3,
560,any,,1,
560,birth,,2,
570,birth,,1,
575,birth,,,1
580,birth,,1,1
585,any,,1,
588,birth,,,1
589,birth,,,1
597,any,,3,
600,any,,42,11
600,birth,2,16,5
605,any,,1,
625,birth,,1,
630,birth,,5,3
635,birth,,2,
640,any,,1,
640,birth,,1,
645,any,,1,
650,birth,,7,2
654,any,,5,
660,birth,,1,3
669,any,,1,
675,birth,,3,
680,birth,,2,3
685,any,,3,
688,any,,2,
688,birth,,3,
690,birth,,2,
696,birth,,1,
700,any,,31,21
700,birth,9,25,6
700,death,2,,
700,residence,2,,
704,any,,1,
710,birth,,2,
711,any,,1,
713,birth,,1,
715,any,,1,
720,birth,,8,3
725,birth,,5,
730,any,,2,
730,birth,,7,2
735,any,,2,
735,birth,,1,
737,any,,4,
737,birth,,4,
740,birth,,2,
742,any,,2,
745,birth,,1,
747,any,,4,
748,any,,3,
750,any,,2,
750,birth,,15,1
753,birth,,1,
760,any,,3,
760,birth,,8,
768,any,,1,
770,any,,5,
770,birth,,2,2
775,birth,,6,
776,any,,1,
780,any,,,5
780,birth,,10,4
787,birth,,1,
790,any,,2,
790,birth,,3,
795,birth,,3,
800,any,,22,17
800,birth,6,31,9
805,any,,1,
805,birth,,1,
810,any,,1,
810,birth,,6,
811,any,,1,
811,birth,,1,
814,any,,2,1
815,birth,,2,
817,birth,,,1
820,any,,6,
820,birth,,5,1
825,any,,3,
825,birth,,7,2
830,any,,9,
830,birth,,11,5
840,any,,20,
840,birth,,,3
844,any,,18,14
845,birth,,2,
847,any,,1,
850,any,,7,6
850,birth,,12,8
855,any,,4,
855,birth,,5,
859,any,,23,
860,any,,1,
860,birth,,20,3
860,death,,2,
865,any,,5,
867,any,,2,
870,any,,2,
870,birth,,9,1
872,any,,5,
872,birth,,2,
873,any,,34,20
873,birth,,14,16
874,any,,2,
875,birth,,6,1
876,any,,1,
877,any,,1,
878,any,,2,
879,any,,7,
880,birth,,7,1
885,any,,1,
886,any,,1,
890,any,,18,
890,birth,,12,
892,any,,1,
896,any,,1,
898,any,,8,
900,any,,55,13
900,birth,9,82,9
902,any,,6,
902,birth,,6,
904,any,,1,
905,any,,1,
905,birth,,3,
906,any,,1,
908,any,,1,
909,any,,1,
910,any,,3,8
910,birth,,6,8
912,any,,6,
915,any,,2,
915,birth,,1,
917,birth,,2,
917,death,,2,
919,any,,1,
920,any,,6,
920,birth,,7,3
921,any,,8,
922,any,,9,
924,any,,3,
924,birth,,1,
925,any,,9,
925,birth,,12,1
927,any,,6,
928,any,,11,
930,birth,,17,4
933,any,,4,4
933,birth,,3,
934,any,,2,
935,birth,,4,
936,any,,1,
939,any,,1,
940,any,,67,
940,birth,,9,
941,any,,1,
944,any,,2,
945,any,,33,3
945,birth,,9,
945,death,,2,
950,any,,2,3
950,birth,,19,6
951,any,,3,
952,birth,,2,
952,death,,2,
955,any,,8,
956,any,,5,3
960,any,,3,
960,birth,,11,1
961,any,,2,
962,any,,4,
963,any,,,3
964,any,,1,
965,any,,8,
965,birth,,2,
968,any,,3,
969,any,,2,
970,any,,15,
970,birth,,34,3
972,any,,,7
973,any,,8,
975,any,,8,
975,birth,,14,
980,any,,32,1
980,birth,,14,8
981,any,,2,4
982,any,,30,
983,any,,2,
984,any,,1,
985,any,,4,
985,birth,,1,
987,any,,12,
990,any,,10,
990,birth,,2,
991,any,,2,
992,any,,7,
995,birth,,1,
996,any,,3,
1000,any,,193,49
1000,birth,34,97,44
1000,death,,11,
1000,marriage,1,,
1001,any,,18,
1002,any,,1,
1003,any,,,4
1003,birth,,6,
1003,death,,7,
1004,any,,5,3
1004,birth,,2,
1004,death,,2,
1005,any,,51,
1005,birth,,2,
1005,death,,2,
1005,marriage,,34,
1006,any,,6,
1007,any,,3,
1008,any,,1,
1009,birth,,10,
1009,death,,4,
1010,any,,22,1
1011,any,,,24
1012,any,,3,
1012,birth,,2,
1013,any,,1,
1014,any,,5,
1015,any,,2,
1015,birth,,2,
1016,any,,3,
1016,birth,,4,
1016,death,,4,
1017,any,,4,
1017,birth,,2,
1018,any,,3,
1019,any,,2,
1020,any,,13,2
1020,birth,,4,6
1021,birth,,,4
1021,death,,,4
1022,any,,12,
1023,any,,4,
1023,birth,,3,
1023,marriage,,3,
1024,any,,7,
1025,any,,16,
1025,birth,,7,
1026,any,,5,
1027,any,,4,
1029,any,,70,
1029,birth,,1,
1029,marriage,,34,
1030,any,,48,1
1030,birth,,23,11
1031,any,,8,
1031,birth,,,1
1032,any,,2,
1034,any,,52,
1034,birth,,,2
1035,any,,17,
1035,birth,,8,
1036,any,,19,31
1036,marriage,,2,
1037,any,,5,
1038,any,,3,
1039,any,,1,
1040,any,,18,21
1040,birth,,7,2
1041,marriage,,1,
1042,any,,1,
1042,residence,,1,
1043,any,,4,
1043,birth,,1,
1044,any,,5,
1045,any,,8,
1045,death,,6,
1046,any,,2,
1047,any,,2,
1048,any,,8,
1050,any,,15,1
1050,birth,,44,20
1052,any,,6,4
1052,death,,,4
1053,any,,1,
1054,any,,4,
1054,death,,1,
1055,any,,9,2
1055,birth,,2,
1056,any,,4,
1057,any,,9,
1058,any,,38,
1058,death,,20,
1060,any,,12,
1060,birth,,9,8
1061,any,,1,
1062,any,,6,
1063,any,,,6
1063,birth,,2,
1063,death,,2,2
1065,any,,9,
1065,birth,,8,4
1065,death,,4,4
1066,any,,1,
1067,any,,5,
1069,any,,8,
1070,any,,18,
1070,birth,,21,6
1071,any,,3,
1072,any,,1,
1072,birth,,1,
1073,any,,1,
1073,birth,,3,
1074,any,,3,
1075,any,,6,4
1075,birth,,17,
1076,any,,3,
1078,any,,4,
1079,any,,2,
1079,birth,,4,
1079,death,,4,
1080,any,,20,
1080,birth,,26,5
1080,death,,14,
1080,marriage,,12,
1081,any,,4,
1082,any,,3,
1084,any,,4,2
1084,birth,,3,
1085,any,,11,
1085,birth,,16,14
1085,death,,,14
1085,marriage,,6,
1086,any,,4,
1088,any,,47,
1088,death,,34,
1090,any,,12,
1090,birth,,2,
1092,any,,19,
1092,birth,,16,
1092,death,,14,
1093,any,,3,
1093,birth,,3,
1093,death,,3,
1094,any,,3,2
1095,any,,10,
1095,birth,,13,
1096,any,,10,16
1096,death,,,16
1097,any,,36,2
1097,birth,,,2
1097,death,,14,2
1097,marriage,,8,
1098,any,,6,
1099,any,,4,1
1099,birth,,,3
1100,any,,101,56
1100,birth,8,81,39
1100,death,2,2,
1100,marriage,1,,
1100,other,2,,
1103,any,,2,
1103,birth,,4,
1103,death,,4,
1105,any,,1,
1105,birth,,1,
1108,any,,4,
1108,birth,,1,1
1109,any,,1,
1110,any,,10,2
1110,birth,,5,1
1110,death,,2,
1111,any,,10,
1111,birth,,3,
1112,any,,,1
1113,any,,1,
1113,birth,,3,
1114,any,,1,
1114,birth,,6,
1115,any,,3,
1116,any,,5,5
1117,any,,1,
1118,any,,2,
1119,any,,2,
1120,any,,7,
1120,birth,,24,11
1120,death,,2,
1121,any,,2,
1122,any,,3,
1123,any,,4,
1124,any,,28,
1125,any,,14,2
1125,birth,,14,3
1128,any,,1,1
1129,any,,4,
1130,any,,119,1
1130,birth,,19,20
1130,death,,86,
1131,death,,2,2
1132,birth,,1,1
1133,any,,1,
1135,any,,9,7
1135,birth,,7,7
1135,death,,,6
1136,any,,6,4
1137,any,,,14
1137,death,,,8
1138,any,,45,1
1138,death,,32,
1139,any,,2,
1140,any,,5,1
1140,birth,,21,6
1140,death,,4,4
1141,any,,52,
1141,death,,52,
1142,any,,1,
1143,any,,23,
1143,death,,16,
1144,any,,1,
1144,birth,,3,
1145,any,,3,7
1145,birth,,6,5
1147,any,,1,
1147,birth,,2,
1148,any,,5,
1148,birth,,1,
1149,any,,3,
1150,any,,25,1
1150,birth,,78,16
1150,death,,,2
1151,any,,14,
1152,birth,,,2
1153,any,,1,
1153,birth,,14,14
1153,death,,14,14
1154,any,,1,
1155,any,,5,
1155,birth,,2,
1156,any,,4,
1157,any,,1,
1159,any,,1,
1160,any,,20,3
1160,birth,,13,6
1160,death,,2,
1161,any,,,1
1162,any,,7,
1162,birth,,,2
1162,death,,,2
1163,any,,2,
1164,any,,4,
1165,any,,13,
1165,birth,,3,1
1166,any,,1,
1166,birth,,1,
1170,any,,12,1
1170,birth,,22,9
1170,death,,2,
1171,any,,14,
1172,any,,3,
1173,any,,3,
1175,any,,9,1
1175,birth,,52,9
1176,any,,2,
1177,any,,1,
1178,any,,1,
1180,any,,22,1
1180,birth,,18,13
1180,death,,,6
1181,any,,1,
1182,any,,1,
1183,any,,119,
1183,death,,114,
1185,any,,26,2
1185,birth,,7,
1187,any,,2,4
1188,any,,1,
1189,any,,1,
1190,any,,18,2
1190,birth,,23,9
1191,any,,3,
1192,any,,2,
1192,birth,,2,2
1193,any,,2,3
1194,any,,3,8
1195,any,,3,24
1195,birth,,2,15
1195,death,,2,2
1196,any,,,4
1197,any,,7,
1197,birth,,3,
1198,any,,10,7
1199,any,,,2
1200,any,,291,46
1200,birth,44,141,58
1200,death,2,2,2
1200,marriage,,6,
1200,other,2,,
1201,any,,2,
1201,birth,,2,
1201,death,,2,
1202,any,,17,
1202,birth,,4,
1203,any,,1,
1204,any,,5,1
1205,any,,4,
1205,death,,,2
1206,any,,1,1
1207,any,,5,
1208,any,,1,
1209,any,,1,
1210,any,,28,5
1210,birth,,4,7
1210,death,,2,
1210,marriage,,12,
1211,any,,15,
1212,any,,20,1
1212,birth,,4,4
1212,death,,21,4
1213,any,,3,
1214,any,,19,
1215,any,,7,
1215,birth,,3,2
1215,death,,,2
1216,any,,4,4
1217,birth,,10,
1218,any,,5,
1219,any,,1,2
1220,any,,28,9
1220,birth,,32,17
1220,marriage,,,6
1221,any,,23,
1221,birth,,12,
1221,marriage,,12,
1222,any,,1,1
1222,birth,,2,
1223,any,,5,
1224,birth,,2,2
1224,death,,2,2
1225,any,,6,2
1225,birth,,21,2
1226,any,,3,12
1229,birth,,1,
1230,any,,31,4
1230,birth,,30,17
1230,death,,2,
1231,any,,4,
1231,birth,,8,
1231,death,,6,
1232,any,,3,2
1233,birth,,1,
1234,any,,,3
1235,any,,11,
1235,birth,,3,3
1236,any,,1,
1236,birth,,,6
1236,death,,,6
1237,any,,4,
1238,any,,1,
1239,birth,,4,4
1239,death,,4,4
1240,any,,24,2
1240,birth,,16,3
1241,any,,1,
1243,any,,71,
1245,any,,17,6
1245,birth,,11,9
1246,any,,3,
1247,any,,2,
1248,any,,5,1
1248,death,,4,
1249,any,,1,
1250,any,,39,8
1250,birth,,55,81
1250,death,,16,2
1252,any,,10,
1253,any,,1,2
1254,any,,9,
1255,any,,11,1
1255,birth,,1,3
1256,any,,1,
1258,any,,1,
1260,any,,13,5
1260,birth,,21,3
1261,any,,1,
1262,any,,3,1
1263,any,,1,1
1264,any,,1,
1265,any,,7,1
1265,birth,,29,
1265,death,,22,
1266,any,,2,
1267,any,,8,
1268,any,,1,
1269,any,,2,
1270,any,,12,2
1270,birth,,37,15
1271,any,,1,
1272,any,,20,
1272,birth,,4,4
1272,death,,4,4
1273,any,,1,
1274,any,,55,
1274,birth,,2,
1274,death,,36,
1275,any,,15,1
1275,birth,,26,17
1276,any,,7,
1276,birth,,,2
1277,any,,1,
1278,any,,2,2
1278,birth,,9,
1279,any,,22,
1280,any,,14,24
1280,birth,,29,19
1280,death,,9,
1281,any,,2,
1282,any,,3,1
1283,any,,2,
1283,birth,,1,
1284,any,,2,2
1284,birth,,4,4
1284,death,,4,4
1285,any,,6,
1285,birth,,5,
1286,any,,2,
1287,any,,,1
1288,any,,3,
1288,birth,,1,
1290,any,,12,1
1290,birth,,42,3
1290,death,,,1
1291,any,,2,
1291,birth,,2,
1292,any,,37,
1292,birth,,4,2
1292,death,,2,2
1292,marriage,,2,
1293,birth,,,2
1293,marriage,,,2
1294,any,,7,
1294,birth,,1,
1295,any,,1,5
1295,birth,,156,3
1295,death,,154,
1296,any,,3,
1296,birth,,3,
1297,any,,1,
1297,birth,,20,
1297,death,,22,
1298,any,,11,
1300,any,,332,37
1300,birth,35,129,71
1300,death,,40,
1301,any,,7,
1301,birth,,6,
1301,death,,6,
1302,any,,11,
1303,any,,26,
1304,any,,125,
1304,birth,,1,
1304,death,,114,
1305,any,,6,2
1305,birth,,4,6
1305,death,,,6
1306,any,,2,2
1307,any,,6,
1307,birth,,23,8
1307,death,,16,8
1308,any,,117,
1308,birth,,2,
1309,any,,2,
1310,any,,4,40
1310,birth,,31,174
1310,death,,2,208
1311,any,,2,
1312,any,,3,2
1312,birth,,3,4
1313,any,,1,
1313,birth,,1,2
1313,death,,1,
1314,any,,10,
1314,birth,,,11
1315,any,,9,
1315,birth,,2,4
1315,death,,6,3
1316,any,,2,
1318,any,,3,
1320,any,,72,126
1320,birth,,55,17
1320,death,,6,114
1321,any,,4,
1322,any,,19,
1324,any,,6,
1324,birth,,2,
1325,any,,30,
1325,birth,,20,11
1325,death,,,6
1325,marriage,,2,
1326,birth,,,2
1326,marriage,,,2
1327,any,,4,1
1327,birth,,4,
1327,death,,4,
1328,any,,3,
1328,birth,,1,
1329,any,,145,
1329,death,,38,
1330,any,,21,3
1330,birth,,34,13
1330,death,,,2
1331,any,,5,
1332,any,,16,
1332,birth,,4,10
1332,death,,,4
1333,any,,7,5
1335,any,,15,5
1335,birth,,7,6
1335,death,,1,1
1336,any,,7,
1337,any,,4,1
1337,death,,2,
1338,any,,7,
1338,death,,3,
1340,any,,12,4
1340,birth,,43,16
1341,birth,,1,
1342,any,,1,
1344,any,,1,
1344,birth,,1,
1345,any,,23,
1345,birth,,10,2
1345,death,,6,6
1346,any,,5,
1347,any,,2,
1348,birth,,1,
1349,birth,,6,6
1349,death,,6,6
1350,any,,91,29
1350,birth,,79,48
1350,death,,,22
1354,any,,4,
1355,any,,11,1
1355,birth,,5,1
1355,death,,3,1
1357,any,,2,
1358,any,,,3
1358,birth,,,2
1359,any,,2,
1360,any,,14,
1360,birth,,33,7
1360,death,,5,4
1361,any,,5,2
1362,any,,2,
1362,birth,,3,
1363,any,,7,
1364,any,,7,
1365,any,,9,3
1365,birth,,2,
1366,any,,8,2
1367,any,,121,
1367,death,,137,
1368,any,,6,3
1369,any,,34,
1369,death,,34,
1370,any,,20,12
1370,birth,,52,44
1370,death,,,1
1371,any,,4,
1371,birth,,1,
1372,any,,9,
1372,birth,,1,
1374,any,,1,
1374,birth,,159,6
1374,death,,154,
1375,any,,8,3
1375,birth,,53,10
1375,death,,22,
1376,any,,14,
1377,any,,17,
1377,birth,,2,
1378,any,,4,5
1378,birth,,4,174
1378,death,,,174
1379,any,,1,
1379,birth,,1,
1380,any,,28,12
1380,birth,,27,19
1380,death,,,2
1382,any,,4,
1382,birth,,6,6
1382,death,,6,6
1383,any,,7,
1384,any,,4,
1385,any,,12,
1385,birth,,10,8
1386,any,,1,
1386,birth,,3,
1387,any,,5,5
1387,birth,,1,
1388,any,,18,
1388,marriage,,2,
1390,any,,31,4
1390,birth,,38,11
1390,death,,2,
1391,any,,5,
1392,any,,3,2
1392,birth,,3,2
1392,death,,2,2
1393,any,,2,
1393,birth,,8,
1393,death,,8,
1394,any,,2,
1395,any,,25,
1395,birth,,5,
1396,any,,3,
1397,any,,1,
1397,birth,,2,
1398,any,,1,
1398,birth,,2,
1398,death,,2,
1399,any,,,5
1399,birth,,4,
1399,death,,4,
1400,any,,658,163
1400,birth,80,131,67
1400,death,5,10,
1400,marriage,1,11,8
1400,other,2,,
1401,any,,,9
1401,birth,,,8
1401,death,,,8
1402,any,,3,
1403,any,,,5
1403,birth,,8,2
1403,death,,,2
1404,any,,1,
1405,any,,13,3
1405,birth,,6,11
1405,death,,,10
1405,marriage,,,2
1406,any,,69,
1406,birth,,4,
1406,death,,3,
1407,any,,4,
1407,birth,,2,
1407,death,,2,
1408,any,,3,
1408,birth,,5,
1409,any,,1,
1409,birth,,,4
1409,death,,,4
1410,any,,49,22
1410,birth,,9,24
1410,death,,1,
1411,any,,13,2
1411,birth,,,2
1411,death,,6,4
1412,any,,4,1
1412,birth,,2,
1413,any,,1,
1414,any,,2,
1415,any,,11,2
1415,birth,,18,3
1415,death,,2,
1416,any,,1,
1418,any,,1,3
1419,death,,,1
1420,any,,38,7
1420,birth,,47,28
1420,death,,8,9
1420,marriage,,1,
1421,any,,1,
1421,birth,,4,
1422,any,,3,
1422,death,,2,
1423,any,,6,
1424,any,,3,
1424,birth,,140,
1424,death,,140,
1425,any,,69,5
1425,birth,,64,5
1425,death,,2,1
1425,marriage,,1,
1426,any,,4,
1427,any,,9,
1428,any,,17,
1429,any,,6,
1429,birth,,2,
1430,any,,59,9
1430,birth,,41,5
1430,death,,2,
1431,any,,4,
1431,birth,,1,
1431,death,,1,
1432,any,,7,3
1433,any,,11,
1433,birth,,2,
1434,any,,7,
1434,birth,,1,
1435,any,,8,
1435,birth,,3,
1436,any,,8,1
1436,birth,,2,2
1436,death,,4,2
1437,any,,9,
1438,any,,6,
1439,any,,7,
1439,birth,,6,6
1439,death,,6,6
1440,any,,49,25
1440,birth,,13,3
1440,death,,2,
1441,any,,1,
1442,any,,4,
1442,birth,,8,8
1442,death,,8,8
1443,any,,7,
1445,any,,21,2
1445,birth,,32,4
1445,death,,24,
1446,any,,2,
1446,birth,,2,
1446,death,,2,
1447,any,,6,
1447,death,,2,2
1448,any,,1,
1449,any,,1,
1449,birth,,4,
1449,death,,4,
1450,any,,282,27
1450,birth,,174,45
1450,death,,2,
1450,marriage,,78,2
1451,any,,5,
1451,birth,,1,
1452,any,,4,1
1453,any,,12,
1453,marriage,,6,
1454,any,,1,6
1455,any,,24,39
1455,birth,,11,24
1455,death,,,22
1456,any,,5,
1456,birth,,2,
1456,death,,6,4
1457,any,,2,
1458,birth,,2,
1459,any,,6,1
1459,birth,,,4
1459,death,,,4
1460,any,,58,4
1460,birth,,39,12
1460,death,,10,10
1461,any,,3,
1462,any,,23,11
1462,death,,2,
1463,any,,5,
1463,birth,,,2
1464,any,,,2
1464,birth,,1,
1465,any,,16,
1465,birth,,8,
1465,death,,4,
1466,any,,4,
1467,any,,8,
1468,any,,16,
1468,birth,,1,
1468,death,,6,
1469,any,,5,
1470,any,,79,15
1470,birth,,79,30
1470,death,,42,2
1470,marriage,,10,
1471,any,,2,
1472,any,,10,
1472,birth,,,8
1472,death,,,8
1473,any,,18,1
1474,any,,3,
1474,birth,,7,
1475,any,,47,7
1475,birth,,26,6
1476,any,,4,1
1476,birth,,1,20
1476,death,,,20
1477,any,,8,
1478,any,,14,
1478,birth,,1,6
1478,death,,1,
1479,any,,16,5
1480,any,,92,7
1480,birth,,34,9
1480,death,,9,
1480,marriage,,9,
1481,any,,3,4
1482,any,,11,1
1482,birth,,2,
1483,any,,7,1
1483,birth,,1,1
1484,any,,3,
1484,birth,,4,4
1484,death,,4,4
1485,any,,83,2
1485,birth,,25,16
1485,death,,18,14
1485,marriage,,2,
1486,any,,3,
1487,any,,15,3
1487,death,,4,
1488,any,,69,
1488,birth,,29,
1488,death,,26,
1489,any,,27,
1489,birth,,3,
1490,any,,114,10
1490,birth,,20,15
1490,death,,4,
1491,any,,17,
1491,birth,,4,
1491,death,,3,
1492,any,,14,3
1492,birth,,1,
1493,any,,8,1
1493,birth,,,11
1493,marriage,,,8
1494,any,,8,
1494,birth,,3,
1495,any,,29,5
1495,birth,,3,5
1495,death,,,4
1496,any,,8,1
1497,any,,22,3
1497,birth,,,1
1498,any,,28,2
1498,birth,,4,
1499,any,,11,
1500,any,,2539,331
1500,birth,213,524,45
1500,death,5,125,
1500,marriage,21,175,9
1500,other,2,,
1500,residence,,18,
1501,any,,11,
1501,birth,,140,
1501,death,,141,
1502,any,,11,
1502,birth,,1,
1503,any,,17,
1504,any,,34,2
1504,birth,,,1
1505,any,,68,7
1505,birth,,12,2
1505,marriage,,,2
1506,any,,13,
1506,birth,,66,
1506,death,,74,
1507,any,,10,1
1508,any,,21,
1508,birth,,2,
1508,death,,2,
1508,marriage,,14,
1509,any,,18,5
1510,any,,90,38
1510,birth,,18,100
1510,death,,2,70
1510,marriage,,1,10
1511,any,,9,1
1512,any,,6,1
1512,birth,,4,7
1512,death,,,2
1513,any,,27,1
1513,birth,,4,
1514,any,,20,
1514,birth,,,3
1515,any,,53,3
1515,birth,,5,1
1515,death,,8,
1516,any,,7,2
1516,birth,,7,
1517,any,,9,
1517,birth,,2,
1518,any,,21,2
1518,birth,,17,4
1518,death,,4,6
1518,marriage,,2,
1519,any,,10,2
1519,birth,,1,4
1520,any,,143,25
1520,birth,,53,82
1520,death,,16,10
1520,marriage,,13,30
1521,any,,10,5
1521,birth,,1,
1522,any,,23,5
1522,birth,,,3
1522,death,,4,6
1523,any,,22,
1523,birth,,2,
1523,death,,4,
1524,any,,18,4
1524,death,,2,
1524,marriage,,4,
1525,any,,78,13
1525,birth,,21,20
1525,death,,4,4
1525,marriage,,4,
1526,any,,16,7
1526,birth,,13,12
1526,death,,12,12
1526,marriage,,,4
1527,any,,20,
1527,birth,,1,
1527,death,,8,
1528,any,,14,1
1528,birth,,2,
1529,any,,18,7
1529,birth,,1,3
1529,death,,2,2
1529,marriage,,14,
1530,any,,228,32
1530,birth,,53,34
1530,death,,16,10
1530,marriage,,6,10
1531,any,,22,5
1531,birth,,1,
1532,any,,85,
1532,birth,,,2
1532,death,,4,
1533,any,,25,
1533,birth,,3,
1533,death,,4,
1534,any,,18,
1535,any,,157,10
1535,birth,,21,2
1535,death,,34,2
1535,marriage,,14,
1536,any,,22,25
1536,birth,,4,7
1537,any,,24,1
1537,birth,,4,1
1538,any,,65,4
1538,birth,,57,9
1538,marriage,,13,2
1539,any,,14,
1539,birth,,2,4
1539,death,,1,
1540,any,,259,62
1540,birth,,101,52
1540,death,,34,
1540,marriage,,4,37
1541,any,,17,7
1541,birth,,3,6
1541,death,,2,
1542,any,,20,2
1542,birth,,15,14
1542,death,,14,14
1543,any,,52,
1543,birth,,2,
1543,marriage,,4,
1544,any,,148,
1544,birth,,1,1
1545,any,,124,8
1545,birth,,7,11
1545,death,,20,6
1545,marriage,,,4
1546,any,,8,1
1546,birth,,13,12
1546,death,,12,12
1547,any,,29,3
1547,birth,,4,14
1547,death,,6,
1548,any,,33,
1548,death,,3,
1548,marriage,,5,
1549,any,,54,
1549,death,,10,
1550,any,,751,368
1550,birth,,132,88
1550,death,,22,20
1550,marriage,,32,46
1550,residence,,2,
1551,any,,19,9
1551,birth,,,11
1551,death,,6,8
1551,marriage,,,8
1552,any,,37,2
1552,death,,2,
1553,any,,14,11
1553,birth,,5,46
1553,death,,7,
1554,any,,10,15
1554,birth,,4,4
1554,death,,6,4
1555,any,,58,18
1555,birth,,16,20
1555,death,,2,8
1555,marriage,,,18
1556,any,,20,1
1556,birth,,66,
1556,death,,66,
1557,any,,32,1
1557,marriage,,1,
1558,any,,36,17
1558,birth,,3,1
1558,marriage,,1,2
1559,any,,23,16
1559,birth,,2,26
1560,any,,250,113
1560,birth,,62,123
1560,death,,25,92
1560,marriage,,5,1
1560,residence,,2,
1561,any,,29,5
1561,birth,,2,
1561,death,,2,
1561,marriage,,6,
1562,any,,25,1
1562,birth,,22,11
1563,any,,15,
1563,birth,,7,2
1563,marriage,,,9
1564,any,,43,2
1564,birth,,2,
1564,death,,18,
1564,marriage,,2,2
1565,any,,92,33
1565,birth,,29,12
1565,death,,18,
1565,marriage,,2,
1565,residence,,2,
1566,any,,46,
1566,birth,,13,13
1566,death,,12,12
1567,any,,18,5
1567,birth,,3,1
1567,death,,8,
1568,any,,187,3
1568,birth,,88,2
1568,death,,,2
1568,marriage,,162,
1569,any,,21,3
1569,birth,,3,3
1569,death,,2,
1570,any,,326,45
1570,birth,,96,37
1570,death,,24,4
1570,marriage,,6,
1571,any,,11,21
1571,birth,,2,1
1572,any,,62,5
1572,birth,,27,
1572,marriage,,24,
1573,any,,36,4
1573,birth,,12,4
1573,death,,6,
1574,any,,40,5
1574,birth,,,7
1574,death,,12,2
1575,any,,169,53
1575,birth,,72,11
1575,death,,36,2
1575,marriage,,6,4
1576,any,,36,1
1576,birth,,6,1
1576,death,,8,
1576,marriage,,4,
1577,any,,23,2
1577,birth,,8,4
1577,death,,9,6
1578,any,,72,3
1578,birth,,5,1
1578,death,,20,
1579,any,,22,2
1579,birth,,6,3
1579,death,,10,
1579,marriage,,2,
1580,any,,446,99
1580,birth,,140,43
1580,death,,57,11
1580,marriage,,16,8
1581,any,,27,21
1581,birth,,14,14
1581,death,,12,12
1581,marriage,,2,
1582,any,,42,8
1582,birth,,3,3
1582,death,,10,
1583,any,,30,2
1583,birth,,21,20
1583,death,,12,4
1584,any,,107,7
1584,birth,,60,18
1584,death,,16,10
1584,marriage,,47,8
1585,any,,84,7
1585,birth,,17,3
1585,death,,6,2
1585,marriage,,2,7
1586,any,,33,1
1586,birth,,5,5
1586,death,,10,2
1587,any,,34,11
1587,death,,12,4
1588,any,,25,8
1588,birth,,4,
1588,death,,4,2
1588,marriage,,1,
1589,any,,26,26
1589,birth,,4,1
1589,marriage,,3,
1590,any,,468,75
1590,birth,,115,73
1590,death,,133,26
1590,marriage,,98,10
1590,residence,,9,
1591,any,,29,4
1591,birth,,3,2
1591,death,,2,
1591,marriage,,6,
1592,any,,59,6
1592,birth,,6,
1592,death,,10,
1592,marriage,,4,6
1593,any,,38,10
1593,birth,,8,4
1593,death,,24,
1594,any,,92,11
1594,birth,,11,
1594,death,,28,8
1594,marriage,,6,
1595,any,,124,49
1595,birth,,67,31
1595,death,,26,10
1595,marriage,,14,3
1596,any,,56,4
1596,birth,,26,7
1596,death,,8,
1596,marriage,,5,2
1597,any,,55,3
1597,birth,,5,11
1597,death,,11,2
1597,marriage,,,2
1598,any,,71,21
1598,birth,,24,7
1598,death,,18,2
1598,marriage,,21,
1599,any,,86,35
1599,birth,,5,11
1599,death,,6,13
1599,marriage,,,10
1600,any,,3700,1108
1600,birth,386,585,244
1600,death,72,89,45
1600,marriage,118,168,145
1600,other,24,,
1600,residence,2,22,7
1601,any,,87,2
1601,birth,,9,6
1601,death,,4,
1601,marriage,,15,11
1602,any,,42,1
1602,birth,,9,10
1602,death,,15,10
1603,any,,72,4
1603,birth,,1,
1603,death,,23,1
1603,marriage,,,1
1604,any,,287,4
1604,birth,,90,1
1604,death,,13,1
1604,marriage,,178,
1605,any,,205,22
1605,birth,,44,50
1605,death,,39,31
1605,marriage,,2,7
1606,any,,115,2
1606,birth,,28,10
1606,death,,47,
1606,marriage,,,6
1607,any,,74,4
1607,birth,,39,16
1607,death,,8,8
1608,any,,82,17
1608,birth,,10,8
1608,death,,40,6
1608,marriage,,3,2
1609,any,,88,8
1609,birth,,,1
1609,death,,19,2
1609,marriage,,13,7
1610,any,,311,100
1610,birth,,101,77
1610,death,,67,17
1610,marriage,,73,17
1611,any,,187,4
1611,birth,,9,1
1611,death,,64,
1611,marriage,,60,6
1612,any,,49,7
1612,birth,,9,4
1612,death,,6,
1612,marriage,,12,6
1613,any,,91,19
1613,birth,,7,6
1613,death,,10,6
1613,marriage,,3,15
1614,any,,106,3
1614,birth,,8,
1614,death,,50,
1614,marriage,,11,2
1615,any,,200,57
1615,birth,,77,32
1615,death,,24,16
1615,marriage,,40,19
1616,any,,200,11
1616,birth,,121,7
1616,death,,140,6
1616,marriage,,1,1
1616,residence,,2,
1617,any,,62,16
1617,birth,,2,2
1617,death,,20,18
1617,marriage,,2,2
1618,any,,94,5
1618,birth,,15,3
1618,death,,60,
1618,marriage,,2,2
1619,any,,82,6
1619,birth,,8,7
1619,death,,21,7
1620,any,,593,210
1620,birth,,139,81
1620,death,,79,53
1620,marriage,,70,77
1621,any,,53,2
1621,birth,,4,1
1621,death,,6,
1622,any,,118,12
1622,birth,,17,3
1622,death,,30,6
1623,any,,54,20
1623,birth,,19,7
1623,death,,26,
1624,any,,59,4
1624,birth,,32,4
1624,death,,12,
1625,any,,277,123
1625,birth,,128,176
1625,death,,121,139
1625,marriage,,30,6
1626,any,,65,6
1626,birth,,18,10
1626,death,,16,4
1626,marriage,,9,2
1627,any,,36,7
1627,birth,,19,9
1627,death,,26,5
1627,marriage,,3,9
1628,any,,68,16
1628,birth,,6,2
1628,death,,30,
1628,marriage,,4,1
1629,any,,86,8
1629,birth,,12,12
1629,death,,17,10
1629,marriage,,4,2
1630,any,,529,146
1630,birth,,90,71
1630,death,,117,4
1630,marriage,,29,16
1630,residence,,31,
1631,any,,78,20
1631,birth,,30,15
1631,death,,34,16
1631,marriage,,2,1
1632,any,,72,10
1632,birth,,8,9
1632,marriage,,2,2
1633,any,,85,8
1633,birth,,9,
1633,death,,24,
1633,marriage,,2,1
1634,any,,51,1
1634,birth,,4,
1634,death,,10,4
1634,marriage,,11,5
1635,any,,256,59
1635,birth,,47,28
1635,death,,81,2
1635,marriage,,58,7
1636,any,,52,15
1636,birth,,16,8
1636,death,,11,6
1636,marriage,,23,17
1637,any,,81,12
1637,birth,,12,8
1637,death,,20,
1637,marriage,,1,
1638,any,,89,41
1638,birth,,32,27
1638,death,,21,4
1638,marriage,,33,39
1639,any,,84,10
1639,birth,,8,
1639,death,,21,1
1640,any,,535,248
1640,birth,,184,99
1640,death,,52,8
1640,marriage,,51,60
1641,any,,208,2
1641,birth,,22,7
1641,death,,11,6
1641,marriage,,152,
1642,any,,124,3
1642,birth,,47,25
1642,death,,36,
1642,marriage,,4,1
1642,residence,,2,
1643,any,,75,5
1643,birth,,14,10
1643,death,,12,2
1643,marriage,,9,11
1643,residence,,3,
1644,any,,93,11
1644,birth,,4,3
1644,death,,8,6
1644,marriage,,11,3
1644,residence,,,1
1645,any,,226,29
1645,birth,,47,34
1645,death,,109,16
1645,marriage,,45,1
1646,any,,92,11
1646,birth,,20,27
1646,death,,12,30
1646,marriage,,12,1
1647,any,,76,15
1647,birth,,1,3
1647,death,,28,
1647,marriage,,4,4
1648,any,,96,33
1648,birth,,10,19
1648,death,,30,4
1648,marriage,,5,2
1649,any,,87,6
1649,birth,,3,1
1649,death,,34,
1649,marriage,,4,
1650,any,,1706,779
1650,birth,,277,159
1650,death,,125,20
1650,marriage,,119,35
1650,residence,,47,
1651,any,,47,3
1651,birth,,4,2
1651,death,,2,
1651,marriage,,9,2
1652,any,,88,8
1652,birth,,3,14
1652,death,,7,4
1652,marriage,,29,7
1653,any,,59,11
1653,birth,,2,2
1653,death,,13,4
1653,marriage,,,5
1654,any,,89,14
1654,birth,,6,2
1654,death,,29,1
1654,marriage,,23,
1654,residence,,1,
1655,any,,142,96
1655,birth,,52,32
1655,death,,37,8
1655,marriage,,11,28
1656,any,,61,3
1656,birth,,11,3
1656,death,,25,2
1656,marriage,,,1
1657,any,,81,9
1657,birth,,25,14
1657,death,,25,4
1657,marriage,,7,11
1658,any,,74,7
1658,birth,,16,12
1658,death,,39,10
1658,marriage,,22,23
1659,any,,60,11
1659,birth,,12,8
1659,death,,7,2
1659,marriage,,4,1
1660,any,,664,331
1660,birth,,211,144
1660,death,,148,58
1660,marriage,,33,13
1660,residence,,,11
1661,any,,149,27
1661,birth,,19,13
1661,death,,36,10
1661,marriage,,2,4
1662,any,,76,25
1662,birth,,35,7
1662,death,,9,8
1662,marriage,,9,8
1663,any,,137,12
1663,birth,,54,20
1663,death,,49,16
1664,any,,155,33
1664,birth,,65,19
1664,death,,31,
1664,marriage,,16,6
1664,residence,,,3
1665,any,,440,44
1665,birth,,247,23
1665,death,,64,8
1665,marriage,,176,12
1665,residence,,8,
1666,any,,136,47
1666,birth,,26,37
1666,death,,24,5
1666,marriage,,20,13
1667,any,,116,
1667,birth,,22,8
1667,death,,60,4
1667,marriage,,8,1
1668,any,,123,29
1668,birth,,21,20
1668,death,,18,10
1668,marriage,,37,3
1668,residence,,1,
1669,any,,130,13
1669,birth,,49,10
1669,death,,31,4
1669,marriage,,14,9
1669,residence,,10,1
1670,any,,842,380
1670,birth,,195,221
1670,death,,133,177
1670,marriage,,79,77
1671,any,,56,14
1671,birth,,42,21
1671,death,,24,2
1671,marriage,,6,6
1671,residence,,,10
1672,any,,71,27
1672,birth,,14,35
1672,death,,22,26
1672,marriage,,13,4
1673,any,,157,4
1673,birth,,28,8
1673,death,,104,3
1673,marriage,,55,14
1674,any,,102,2
1674,birth,,25,11
1674,death,,25,12
1674,marriage,,10,10
1675,any,,348,113
1675,birth,,80,43
1675,death,,96,2
1675,marriage,,41,58
1675,residence,,13,
1676,any,,115,19
1676,birth,,18,10
1676,death,,53,14
1676,marriage,,2,5
1677,any,,113,48
1677,birth,,18,26
1677,death,,27,17
1677,marriage,,2,10
1678,any,,185,3
1678,birth,,37,3
1678,death,,56,4
1678,marriage,,2,2
1678,residence,,12,
1679,any,,265,37
1679,birth,,101,33
1679,death,,40,12
1679,marriage,,83,10
1679,residence,,4,
1680,any,,1064,375
1680,birth,,312,194
1680,death,,155,123
1680,marriage,,85,40
1681,any,,138,19
1681,birth,,51,28
1681,death,,29,10
1681,marriage,,23,10
1682,any,,110,22
1682,birth,,33,12
1682,death,,43,7
1682,marriage,,5,4
1683,any,,145,14
1683,birth,,38,18
1683,death,,18,14
1683,marriage,,12,6
1684,any,,102,26
1684,birth,,23,10
1684,death,,50,6
1684,marriage,,9,9
1685,any,,319,60
1685,birth,,62,41
1685,death,,33,18
1685,marriage,,7,26
1686,any,,134,5
1686,birth,,60,21
1686,death,,16,12
1686,marriage,,30,
1686,residence,,14,
1687,any,,58,12
1687,birth,,9,4
1687,death,,12,2
1687,marriage,,6,2
1688,any,,195,27
1688,birth,,55,7
1688,death,,29,2
1688,marriage,,36,6
1688,residence,,4,
1689,any,,122,19
1689,birth,,22,24
1689,death,,25,10
1689,marriage,,3,5
1690,any,,765,236
1690,birth,,338,107
1690,death,,85,50
1690,marriage,,67,24
1690,residence,,5,26
1691,any,,99,4
1691,birth,,32,7
1691,death,,34,1
1691,marriage,,19,4
1692,any,,180,38
1692,birth,,28,10
1692,death,,49,6
1692,marriage,,8,2
1692,residence,,,4
1693,any,,131,9
1693,birth,,26,33
1693,death,,16,27
1693,marriage,,12,16
1694,any,,80,14
1694,birth,,12,13
1694,death,,2,
1694,marriage,,5,
1695,any,,323,95
1695,birth,,124,51
1695,death,,142,18
1695,marriage,,8,12
1696,any,,220,22
1696,birth,,50,45
1696,death,,32,8
1696,marriage,,32,25
1697,any,,94,8
1697,birth,,16,10
1697,death,,13,3
1697,marriage,,10,4
1698,any,,115,30
1698,birth,,27,13
1698,death,,13,1
1698,marriage,,13,8
1699,any,,177,51
1699,birth,,67,65
1699,death,,63,25
1699,marriage,,50,13
1700,any,,5842,2016
1700,birth,805,1338,341
1700,death,133,246,60
1700,marriage,142,447,151
1700,other,11,,
1700,residence,23,136,19
1701,any,,166,16
1701,birth,,75,11
1701,death,,39,7
1701,marriage,,7,
1702,any,,167,21
1702,birth,,74,20
1702,death,,42,9
1702,marriage,,33,1
1703,any,,186,18
1703,birth,,106,7
1703,death,,76,14
1703,marriage,,43,9
1704,any,,152,22
1704,birth,,56,19
1704,death,,50,1
1704,marriage,,50,11
1704,residence,,2,
1705,any,,333,91
1705,birth,,117,75
1705,death,,105,18
1705,marriage,,26,23
1705,residence,,2,
1706,any,,172,50
1706,birth,,51,49
1706,death,,6,1
1706,marriage,,19,9
1706,residence,,3,
1707,any,,110,36
1707,birth,,28,17
1707,death,,3,
1707,marriage,,6,2
1707,residence,,10,
1708,any,,215,38
1708,birth,,61,30
1708,death,,12,3
1708,marriage,,8,28
1708,residence,,,3
1709,any,,157,25
1709,birth,,64,15
1709,death,,42,4
1709,marriage,,23,13
1710,any,,522,434
1710,birth,,160,142
1710,death,,45,40
1710,marriage,,32,34
1710,residence,,4,1
1711,any,,196,116
1711,birth,,61,105
1711,death,,22,9
1711,marriage,,10,83
1711,residence,,,4
1712,any,,233,52
1712,birth,,20,29
1712,death,,18,6
1712,marriage,,7,8
1712,residence,,,7
1713,any,,124,8
1713,birth,,15,6
1713,death,,17,4
1713,marriage,,1,
1713,residence,,8,
1714,any,,256,44
1714,birth,,71,22
1714,death,,42,
1714,marriage,,36,13
1714,residence,,,10
1715,any,,369,69
1715,birth,,89,74
1715,death,,66,17
1715,marriage,,29,20
1715,residence,,1,
1716,any,,238,75
1716,birth,,129,70
1716,death,,24,32
1716,marriage,,93,54
1716,residence,,8,8
1717,any,,207,57
1717,birth,,41,26
1717,death,,27,14
1717,marriage,,31,36
1717,residence,,8,
1718,any,,149,24
1718,birth,,51,20
1718,death,,38,7
1718,marriage,,14,1
1719,any,,199,69
1719,birth,,60,41
1719,death,,46,20
1719,marriage,,18,11
1720,any,,1308,481
1720,birth,,346,240
1720,death,,159,26
1720,marriage,,109,15
1720,residence,,52,6
1721,any,,182,8
1721,birth,,88,28
1721,death,,51,4
1721,marriage,,8,1
1722,any,,180,68
1722,birth,,63,89
1722,death,,28,39
1722,marriage,,32,22
1723,any,,246,32
1723,birth,,148,26
1723,death,,92,26
1723,marriage,,45,4
1724,any,,216,15
1724,birth,,47,6
1724,death,,59,
1724,marriage,,30,14
1724,residence,,4,
1725,any,,632,357
1725,birth,,138,82
1725,death,,104,20
1725,marriage,,51,32
1725,residence,,6,
1726,any,,161,61
1726,birth,,23,8
1726,death,,59,42
1726,marriage,,69,15
1726,residence,,,6
1727,any,,275,20
1727,birth,,113,37
1727,death,,56,18
1727,marriage,,71,1
1727,residence,,13,
1728,any,,285,48
1728,birth,,36,31
1728,death,,85,21
1728,marriage,,57,15
1729,any,,190,26
1729,birth,,66,14
1729,death,,41,5
1729,marriage,,30,9
1730,any,,1550,460
1730,birth,,433,247
1730,death,,92,35
1730,marriage,,105,78
1730,residence,,40,13
1731,any,,247,30
1731,birth,,118,28
1731,death,,18,5
1731,marriage,,25,9
1731,residence,,56,
1732,any,,293,53
1732,birth,,61,37
1732,death,,40,
1732,marriage,,10,15
1732,residence,,14,
1733,any,,267,51
1733,birth,,64,34
1733,death,,48,6
1733,marriage,,52,36
1733,residence,,30,
1734,any,,249,65
1734,birth,,139,131
1734,death,,124,83
1734,marriage,,35,17
1735,any,,546,103
1735,birth,,80,69
1735,death,,57,23
1735,marriage,,42,23
1735,residence,,3,14
1736,any,,260,44
1736,birth,,72,72
1736,death,,71,49
1736,marriage,,39,26
1737,any,,185,32
1737,birth,,69,23
1737,death,,25,7
1737,marriage,,27,16
1738,any,,346,48
1738,birth,,140,85
1738,death,,123,13
1738,marriage,,34,39
1739,any,,221,98
1739,birth,,69,41
1739,death,,47,35
1739,marriage,,23,24
1740,any,,1544,517
1740,birth,,747,214
1740,death,,103,28
1740,marriage,,265,67
1740,residence,,35,7
1741,any,,233,94
1741,birth,,88,93
1741,death,,21,36
1741,marriage,,26,37
1742,any,,370,57
1742,birth,,126,37
1742,death,,46,10
1742,marriage,,15,10
1742,residence,,4,
1743,any,,252,22
1743,birth,,71,30
1743,death,,30,2
1743,marriage,,11,2
1743,residence,,2,
1744,any,,330,56
1744,birth,,129,39
1744,death,,85,4
1744,marriage,,52,6
1745,any,,642,202
1745,birth,,314,107
1745,death,,99,16
1745,marriage,,135,57
1745,residence,,60,3
1746,any,,326,45
1746,birth,,110,51
1746,death,,54,18
1746,marriage,,53,23
1746,residence,,7,
1747,any,,384,65
1747,birth,,76,79
1747,death,,11,27
1747,marriage,,23,8
1747,residence,,60,
1748,any,,283,55
1748,birth,,95,39
1748,death,,67,5
1748,marriage,,18,20
1749,any,,301,31
1749,birth,,84,24
1749,death,,62,17
1749,marriage,,26,16
1749,residence,,,6
1750,any,,4640,1864
1750,birth,,1643,676
1750,death,,865,167
1750,marriage,,757,191
1750,residence,,570,80
1751,any,,328,71
1751,birth,,122,41
1751,death,,143,71
1751,marriage,,100,75
1752,any,,403,116
1752,birth,,91,50
1752,death,,138,94
1752,marriage,,108,70
1752,residence,,6,
1753,any,,388,29
1753,birth,,59,41
1753,death,,78,12
1753,marriage,,21,22
1753,residence,,2,
1754,any,,397,74
1754,birth,,51,42
1754,death,,100,48
1754,marriage,,2,
1754,residence,,2,
1755,any,,786,160
1755,birth,,254,215
1755,death,,141,110
1755,marriage,,158,48
1755,residence,,45,6
1756,any,,344,64
1756,birth,,55,25
1756,death,,47,4
1756,marriage,,37,4
1756,residence,,3,
1757,any,,299,53
1757,birth,,93,41
1757,death,,67,12
1757,marriage,,43,5
1757,residence,,18,
1758,any,,435,96
1758,birth,,89,54
1758,death,,84,25
1758,marriage,,39,13
1758,residence,,52,3
1759,any,,325,63
1759,birth,,102,65
1759,death,,59,51
1759,marriage,,64,9
1759,residence,,12,12
1760,any,,1714,1063
1760,birth,,715,589
1760,death,,253,143
1760,marriage,,224,152
1760,residence,,131,38
1761,any,,425,58
1761,birth,,101,60
1761,death,,104,37
1761,marriage,,90,59
1761,residence,,4,
1762,any,,297,109
1762,birth,,102,135
1762,death,,66,18
1762,marriage,,49,31
1762,residence,,6,34
1763,any,,405,114
1763,birth,,130,92
1763,death,,74,58
1763,marriage,,65,3
1764,any,,277,65
1764,birth,,68,41
1764,death,,54,5
1764,marriage,,18,32
1764,residence,,,4
1765,any,,1093,218
1765,birth,,251,286
1765,death,,125,129
1765,marriage,,106,85
1765,residence,,23,41
1766,any,,333,99
1766,birth,,163,90
1766,death,,60,32
1766,marriage,,55,23
1766,residence,,53,2
1767,any,,378,39
1767,birth,,66,61
1767,death,,24,12
1767,marriage,,22,28
1767,residence,,9,2
1768,any,,398,60
1768,birth,,91,33
1768,death,,76,7
1768,marriage,,40,28
1768,residence,,4,
1769,any,,392,59
1769,birth,,100,56
1769,death,,42,28
1769,marriage,,28,21
1769,residence,,3,3
1770,any,,2106,671
1770,birth,,780,384
1770,death,,285,130
1770,marriage,,302,234
1770,residence,,79,39
1771,any,,452,81
1771,birth,,93,98
1771,death,,48,10
1771,marriage,,22,51
1772,any,,579,73
1772,birth,,169,53
1772,death,,74,14
1772,marriage,,47,17
1773,any,,382,58
1773,birth,,101,40
1773,death,,93,24
1773,marriage,,37,15
1773,residence,,25,
1774,any,,430,49
1774,birth,,150,26
1774,death,,95,3
1774,marriage,,19,
1774,residence,,13,
1775,any,,1218,240
1775,birth,,437,195
1775,death,,176,80
1775,marriage,,139,40
1775,residence,,21,9
1776,any,,587,96
1776,birth,,189,88
1776,death,,125,39
1776,marriage,,113,28
1776,residence,,5,6
1777,any,,530,118
1777,birth,,107,71
1777,death,,64,17
1777,marriage,,82,37
1778,any,,525,159
1778,birth,,149,109
1778,death,,146,49
1778,marriage,,52,33
1778,residence,,48,10
1779,any,,307,33
1779,birth,,136,45
1779,death,,75,31
1779,marriage,,76,31
1779,residence,,7,
1780,any,,2961,750
1780,birth,,1001,403
1780,death,,419,107
1780,marriage,,446,95
1780,residence,,200,36
1781,any,,522,63
1781,birth,,123,26
1781,death,,53,12
1781,marriage,,61,6
1781,residence,,3,
1782,any,,613,109
1782,birth,,213,75
1782,death,,154,28
1782,marriage,,81,24
1782,residence,,43,2
1783,any,,527,144
1783,birth,,142,101
1783,death,,175,31
1783,marriage,,71,41
1784,any,,525,74
1784,birth,,253,63
1784,death,,88,42
1784,marriage,,51,24
1784,residence,,3,4
1785,any,,1117,325
1785,birth,,344,253
1785,death,,162,82
1785,marriage,,57,160
1785,residence,,34,15
1786,any,,564,76
1786,birth,,287,120
1786,death,,72,55
1786,marriage,,95,53
1786,residence,,51,38
1787,any,,615,140
1787,birth,,97,103
1787,death,,120,27
1787,marriage,,31,19
1787,residence,,52,37
1788,any,,508,149
1788,birth,,135,79
1788,death,,94,33
1788,marriage,,69,24
1788,residence,,6,10
1789,any,,625,189
1789,birth,,240,101
1789,death,,182,34
1789,marriage,,103,27
1789,residence,,51,
1790,any,,2846,944
1790,birth,,1144,629
1790,death,,394,222
1790,marriage,,396,198
1790,residence,,110,100
1791,any,,670,116
1791,birth,,367,129
1791,death,,128,33
1791,marriage,,77,78
1791,residence,,30,27
1792,any,,676,210
1792,birth,,294,257
1792,death,,149,100
1792,marriage,,25,65
1792,residence,,21,6
1793,any,,592,156
1793,birth,,273,147
1793,death,,198,94
1793,marriage,,91,28
1793,residence,,18,
1794,any,,692,105
1794,birth,,668,51
1794,death,,606,6
1794,marriage,,108,3
1794,residence,,45,2
1795,any,,1150,333
1795,birth,,365,358
1795,death,,156,106
1795,marriage,,115,71
1795,residence,,44,11
1796,any,,582,111
1796,birth,,190,141
1796,death,,102,41
1796,marriage,,114,72
1796,residence,,14,17
1797,any,,654,106
1797,birth,,161,79
1797,death,,148,67
1797,marriage,,87,13
1797,residence,,7,
1798,any,,926,155
1798,birth,,330,116
1798,death,,137,74
1798,marriage,,67,62
1798,residence,,68,7
1799,any,,1092,290
1799,birth,,368,163
1799,death,,247,70
1799,marriage,,76,32
1799,residence,,6,12
1800,any,,14510,3635
1800,birth,1538,3230,1359
1800,death,189,1183,290
1800,marriage,318,1395,597
1800,other,59,,
1800,residence,106,1168,141
1801,any,,786,209
1801,birth,,287,234
1801,death,,145,57
1801,marriage,,149,57
1801,residence,,19,
1802,any,,906,191
1802,birth,,417,137
1802,death,,229,18
1802,marriage,,178,122
1802,residence,,25,
1803,any,,855,128
1803,birth,,296,120
1803,death,,192,27
1803,marriage,,148,30
1803,residence,,36,20
1804,any,,847,263
1804,birth,,282,154
1804,death,,143,51
1804,marriage,,130,74
1804,residence,,42,20
1805,any,,1506,416
1805,birth,,563,292
1805,death,,263,151
1805,marriage,,171,66
1805,residence,,57,9
1806,any,,756,111
1806,birth,,221,123
1806,death,,177,38
1806,marriage,,34,18
1807,any,,567,179
1807,birth,,216,139
1807,death,,152,112
1807,marriage,,54,84
1807,residence,,19,2
1808,any,,943,110
1808,birth,,401,104
1808,death,,191,78
1808,marriage,,101,34
1808,residence,,34,2
1809,any,,843,161
1809,birth,,384,131
1809,death,,145,42
1809,marriage,,114,41
1809,residence,,34,26
1810,any,,2451,1261
1810,birth,,998,778
1810,death,,298,340
1810,marriage,,343,306
1810,residence,,186,176
1811,any,,990,225
1811,birth,,338,284
1811,death,,273,98
1811,marriage,,134,73
1811,residence,,50,42
1812,any,,1267,190
1812,birth,,422,180
1812,death,,241,70
1812,marriage,,190,51
1812,residence,,85,20
1813,any,,1056,208
1813,birth,,394,170
1813,death,,233,74
1813,marriage,,135,7
1813,residence,,7,6
1814,any,,985,146
1814,birth,,433,129
1814,death,,239,74
1814,marriage,,74,52
1814,residence,,184,9
1815,any,,2014,669
1815,birth,,880,618
1815,death,,287,168
1815,marriage,,275,247
1815,residence,,74,62
1816,any,,1044,305
1816,birth,,451,315
1816,death,,363,172
1816,marriage,,179,175
1816,residence,,60,67
1817,any,,846,230
1817,birth,,331,220
1817,death,,107,90
1817,marriage,,97,66
1817,residence,,50,12
1818,any,,1309,242
1818,birth,,497,404
1818,death,,151,186
1818,marriage,,197,156
1818,residence,,38,147
1819,any,,899,258
1819,birth,,284,194
1819,death,,178,16
1819,marriage,,90,42
1819,residence,,41,8
1820,any,,4218,1713
1820,birth,,1774,1211
1820,death,,549,401
1820,marriage,,663,322
1820,residence,,370,230
1821,any,,983,225
1821,birth,,426,142
1821,death,,269,81
1821,marriage,,176,39
1821,residence,,54,25
1822,any,,1298,223
1822,birth,,479,268
1822,death,,184,169
1822,marriage,,153,76
1822,residence,,58,7
1823,any,,1178,157
1823,birth,,593,159
1823,death,,277,73
1823,marriage,,140,41
1823,residence,,75,13
1824,any,,1305,196
1824,birth,,473,220
1824,death,,202,94
1824,marriage,,100,48
1824,residence,,24,16
1825,any,,3104,601
1825,birth,,897,585
1825,death,,517,233
1825,marriage,,317,139
1825,residence,,127,71
1826,any,,1051,333
1826,birth,,383,283
1826,death,,229,117
1826,marriage,,66,70
1826,residence,,32,13
1827,any,,1207,318
1827,birth,,349,274
1827,death,,219,212
1827,marriage,,260,228
1827,residence,,25,
1828,any,,1169,135
1828,birth,,409,166
1828,death,,236,74
1828,marriage,,127,57
1828,residence,,40,
1829,any,,1131,201
1829,birth,,417,202
1829,death,,143,63
1829,marriage,,244,78
1829,residence,,30,2
1830,any,,5226,1448
1830,birth,,1821,867
1830,death,,781,286
1830,marriage,,789,386
1830,residence,,365,185
1831,any,,1219,265
1831,birth,,524,249
1831,death,,314,98
1831,marriage,,274,181
1831,residence,,56,2
1832,any,,1489,335
1832,birth,,538,369
1832,death,,262,169
1832,marriage,,224,96
1832,residence,,144,26
1833,any,,1194,207
1833,birth,,427,201
1833,death,,226,114
1833,marriage,,254,53
1833,residence,,79,
1834,any,,1057,274
1834,birth,,344,154
1834,death,,161,50
1834,marriage,,110,65
1834,residence,,44,22
1835,any,,2464,882
1835,birth,,1223,661
1835,death,,388,189
1835,marriage,,575,359
1835,residence,,132,118
1836,any,,1104,290
1836,birth,,417,274
1836,death,,241,70
1836,marriage,,201,68
1836,residence,,80,34
1837,any,,1286,320
1837,birth,,597,310
1837,death,,231,90
1837,marriage,,125,88
1837,residence,,95,
1838,any,,1299,238
1838,birth,,570,155
1838,death,,258,83
1838,marriage,,217,53
1838,residence,,84,3
1839,any,,1053,249
1839,birth,,404,283
1839,death,,246,66
1839,marriage,,133,129
1839,residence,,31,7
1840,any,,5210,1656
1840,birth,,2018,1276
1840,death,,828,399
1840,marriage,,661,454
1840,residence,,449,363
1841,any,,1045,368
1841,birth,,448,315
1841,death,,307,156
1841,marriage,,218,114
1841,residence,,19,58
1842,any,,1269,312
1842,birth,,457,480
1842,death,,259,110
1842,marriage,,184,109
1842,residence,,77,46
1843,any,,1262,174
1843,birth,,458,173
1843,death,,292,96
1843,marriage,,114,59
1843,residence,,22,14
1844,any,,1732,337
1844,birth,,665,290
1844,death,,206,51
1844,marriage,,389,145
1844,residence,,22,37
1845,any,,2092,559
1845,birth,,954,582
1845,death,,390,168
1845,marriage,,325,145
1845,residence,,127,27
1846,any,,1211,182
1846,birth,,423,248
1846,death,,158,75
1846,marriage,,112,85
1846,residence,,45,46
1847,any,,1295,272
1847,birth,,491,206
1847,death,,223,85
1847,marriage,,241,74
1847,residence,,82,9
1848,any,,1473,290
1848,birth,,594,272
1848,death,,245,87
1848,marriage,,181,79
1848,residence,,69,29
1849,any,,1244,306
1849,birth,,635,234
1849,death,,448,156
1849,marriage,,248,169
1849,residence,,149,44
1850,any,,9310,3569
1850,birth,,3417,1557
1850,death,,1130,619
1850,marriage,,1376,388
1850,residence,,1128,443
1851,any,,1432,229
1851,birth,,517,237
1851,death,,258,68
1851,marriage,,146,43
1851,residence,,40,32
1852,any,,1859,322
1852,birth,,624,356
1852,death,,450,87
1852,marriage,,163,68
1852,residence,,59,96
1853,any,,1614,279
1853,birth,,648,326
1853,death,,226,160
1853,marriage,,360,194
1853,residence,,61,79
1854,any,,1683,366
1854,birth,,726,356
1854,death,,249,190
1854,marriage,,294,202
1854,residence,,299,38
1855,any,,2073,730
1855,birth,,1123,669
1855,death,,479,332
1855,marriage,,414,290
1855,residence,,168,113
1856,any,,1462,292
1856,birth,,514,202
1856,death,,253,49
1856,marriage,,223,52
1856,residence,,106,21
1857,any,,1697,402
1857,birth,,412,286
1857,death,,338,178
1857,marriage,,108,80
1857,residence,,36,4
1858,any,,1844,446
1858,birth,,659,330
1858,death,,460,118
1858,marriage,,379,105
1858,residence,,81,67
1859,any,,1583,363
1859,birth,,673,275
1859,death,,380,143
1859,marriage,,288,112
1859,residence,,103,30
1860,any,,5490,2416
1860,birth,,2203,1497
1860,death,,639,727
1860,marriage,,817,504
1860,residence,,677,395
1861,any,,1681,316
1861,birth,,660,267
1861,death,,332,136
1861,marriage,,272,89
1861,residence,,214,53
1862,any,,1907,520
1862,birth,,755,492
1862,death,,380,202
1862,marriage,,300,124
1862,residence,,62,37
1863,any,,1629,306
1863,birth,,614,270
1863,death,,306,99
1863,marriage,,231,108
1863,residence,,32,15
1864,any,,1917,603
1864,birth,,1290,311
1864,death,,835,148
1864,marriage,,345,62
1864,residence,,141,61
1865,any,,2329,1104
1865,birth,,788,883
1865,death,,321,219
1865,marriage,,311,422
1865,residence,,127,190
1866,any,,2090,444
1866,birth,,778,342
1866,death,,404,93
1866,marriage,,273,124
1866,residence,,79,25
1867,any,,1395,464
1867,birth,,671,291
1867,death,,310,128
1867,marriage,,212,80
1867,residence,,42,22
1868,any,,1908,524
1868,birth,,819,492
1868,death,,355,223
1868,marriage,,194,134
1868,residence,,104,34
1869,any,,1592,477
1869,birth,,595,351
1869,death,,292,104
1869,marriage,,165,45
1869,residence,,80,1
1870,any,,6359,2141
1870,birth,,2302,1361
1870,death,,979,458
1870,marriage,,918,366
1870,residence,,748,242
1871,any,,1846,402
1871,birth,,843,416
1871,death,,394,142
1871,marriage,,313,129
1871,residence,,96,17
1872,any,,2214,530
1872,birth,,820,392
1872,death,,266,112
1872,marriage,,322,122
1872,residence,,136,12
1873,any,,1855,357
1873,birth,,699,241
1873,death,,269,143
1873,marriage,,234,127
1873,residence,,70,56
1874,any,,1942,320
1874,birth,,799,345
1874,death,,422,126
1874,marriage,,274,139
1874,residence,,83,54
1875,any,,3016,1019
1875,birth,,1057,815
1875,death,,510,307
1875,marriage,,400,291
1875,residence,,109,49
1876,any,,1569,625
1876,birth,,672,560
1876,death,,308,248
1876,marriage,,321,279
1876,residence,,42,55
1877,any,,2183,297
1877,birth,,680,308
1877,death,,373,115
1877,marriage,,326,107
1877,residence,,50,25
1878,any,,2167,534
1878,birth,,808,441
1878,death,,379,231
1878,marriage,,268,204
1878,residence,,85,56
1879,any,,1785,549
1879,birth,,596,326
1879,death,,326,140
1879,marriage,,270,200
1879,residence,,20,38
1880,any,,7360,2796
1880,birth,,2755,1413
1880,death,,901,315
1880,marriage,,964,647
1880,residence,,576,451
1881,any,,2119,455
1881,birth,,768,288
1881,death,,475,150
1881,marriage,,357,161
1881,residence,,176,113
1882,any,,2703,616
1882,birth,,973,397
1882,death,,740,365
1882,marriage,,327,41
1882,residence,,188,43
1883,any,,2237,555
1883,birth,,733,341
1883,death,,300,150
1883,marriage,,305,157
1883,residence,,142,75
1884,any,,2348,590
1884,birth,,763,428
1884,death,,357,90
1884,marriage,,289,90
1884,residence,,95,162
1885,any,,2991,976
1885,birth,,1142,757
1885,death,,432,257
1885,marriage,,414,293
1885,residence,,208,120
1886,any,,2523,465
1886,birth,,819,298
1886,death,,277,115
1886,marriage,,341,139
1886,residence,,140,71
1887,any,,2227,488
1887,birth,,925,352
1887,death,,410,160
1887,marriage,,303,88
1887,residence,,28,39
1888,any,,3040,655
1888,birth,28,964,463
1888,death,,474,150
1888,marriage,,333,201
1888,residence,,109,69
1889,any,,2281,697
1889,birth,,873,490
1889,death,,486,236
1889,marriage,,464,122
1889,residence,,69,80
1890,any,,5889,3518
1890,birth,,2560,2078
1890,death,,1296,630
1890,marriage,,1046,730
1890,residence,,615,454
1891,any,,2180,598
1891,birth,,792,430
1891,death,,372,214
1891,marriage,,398,198
1891,residence,,129,69
1892,any,,1877,341
1892,birth,,785,294
1892,death,,484,137
1892,marriage,,254,76
1892,residence,,37,55
1893,any,,2420,562
1893,birth,,1042,451
1893,death,,642,287
1893,marriage,,485,137
1893,residence,,51,22
1894,any,,2123,398
1894,birth,,856,415
1894,death,,496,144
1894,marriage,,143,103
1894,residence,,121,33
1895,any,,2970,1205
1895,birth,,1165,1041
1895,death,,656,488
1895,marriage,,308,333
1895,residence,,197,208
1896,any,,2496,571
1896,birth,,855,368
1896,death,,462,183
1896,marriage,,301,89
1896,residence,,144,96
1897,any,,2277,375
1897,birth,,832,378
1897,death,,478,205
1897,marriage,,290,119
1897,residence,,136,58
1898,any,,2682,555
1898,birth,,915,391
1898,death,,509,154
1898,marriage,,455,119
1898,residence,,220,35
1899,any,,2466,1202
1899,birth,,804,725
1899,death,,397,486
1899,marriage,,308,181
1899,residence,,114,277
1900,any,,14927,8982
1900,birth,1625,4434,3341
1900,death,601,2271,1628
1900,marriage,303,1782,1845
1900,other,71,,
1900,residence,120,1320,1488
1901,any,,2334,773
1901,birth,,951,520
1901,death,,474,374
1901,marriage,,243,197
1901,residence,,68,49
1902,any,,2405,666
1902,birth,,763,472
1902,death,,411,75
1902,marriage,,303,101
1902,residence,,78,51
1903,any,,2115,715
1903,birth,,728,602
1903,death,,318,269
1903,marriage,,150,139
1903,residence,,80,20
1904,any,,2379,702
1904,birth,,917,543
1904,death,,561,288
1904,marriage,,502,470
1904,residence,,200,258
1905,any,,2596,943
1905,birth,,808,645
1905,death,,416,317
1905,marriage,,343,172
1905,residence,,145,84
1906,any,,2188,627
1906,birth,,837,502
1906,death,,464,208
1906,marriage,,314,206
1906,residence,,154,29
1907,any,,2474,554
1907,birth,,850,415
1907,death,,452,166
1907,marriage,,233,173
1907,residence,,114,69
1908,any,,2003,535
1908,birth,,637,362
1908,death,,307,191
1908,marriage,,353,194
1908,residence,,73,82
1909,any,,2194,571
1909,birth,,886,386
1909,death,,278,109
1909,marriage,,132,103
1909,residence,,200,53
1910,any,,4812,2991
1910,birth,,2076,1479
1910,death,,1227,643
1910,marriage,,961,635
1910,residence,,510,321
1911,any,,2551,655
1911,birth,,934,496
1911,death,,406,252
1911,marriage,,440,152
1911,residence,,170,62
1912,any,,2882,627
1912,birth,,1335,416
1912,death,,820,190
1912,marriage,,264,152
1912,residence,,252,42
1913,any,,2413,622
1913,birth,,937,493
1913,death,,557,357
1913,marriage,,438,70
1913,residence,,242,108
1914,any,,1980,694
1914,birth,,837,576
1914,death,,465,393
1914,marriage,,145,240
1914,residence,,106,119
1915,any,,2614,1209
1915,birth,,792,706
1915,death,,604,307
1915,marriage,,351,423
1915,residence,,96,101
1916,any,,1913,438
1916,birth,,740,262
1916,death,,363,129
1916,marriage,,258,67
1916,residence,,89,27
1917,any,,2112,557
1917,birth,,649,385
1917,death,,464,217
1917,marriage,,219,129
1917,residence,,40,72
1918,any,,2508,566
1918,birth,,1030,312
1918,death,,881,223
1918,marriage,,406,184
1918,residence,,266,86
1919,any,,2979,865
1919,birth,,1686,642
1919,death,,486,523
1919,marriage,,190,347
1919,residence,,135,147
1920,any,,5487,3394
1920,birth,,2023,1513
1920,death,,1291,680
1920,marriage,,913,625
1920,residence,,459,586
1921,any,,2029,607
1921,birth,,811,531
1921,death,,413,228
1921,marriage,,256,246
1921,residence,,60,63
1922,any,,2249,583
1922,birth,,966,487
1922,death,,605,172
1922,marriage,,252,173
1922,residence,,117,78
1923,any,,2716,580
1923,birth,,855,320
1923,death,,551,304
1923,marriage,,110,143
1923,residence,,72,98
1924,any,,2389,506
1924,birth,,745,443
1924,death,,332,264
1924,marriage,,379,82
1924,residence,,40,45
1925,any,,2949,1292
1925,birth,,1155,725
1925,death,,548,465
1925,marriage,,333,241
1925,residence,,133,133
1926,any,,2299,674
1926,birth,,742,431
1926,death,,512,202
1926,marriage,,149,193
1926,residence,,99,23
1927,any,,2135,404
1927,birth,,895,313
1927,death,,607,176
1927,marriage,,352,189
1927,residence,,188,33
1928,any,,2116,604
1928,birth,,789,410
1928,death,,567,218
1928,marriage,,427,201
1928,residence,,152,95
1929,any,,1927,420
1929,birth,,663,316
1929,death,,353,178
1929,marriage,,218,74
1929,residence,,78,24
1930,any,,4609,3213
1930,birth,,1809,1466
1930,death,,1345,785
1930,marriage,,792,560
1930,residence,,398,516
1931,any,,1640,512
1931,birth,,598,323
1931,death,,344,222
1931,marriage,,132,99
1931,residence,,74,58
1932,any,,2095,492
1932,birth,,467,317
1932,death,,488,157
1932,marriage,,201,112
1932,residence,,53,77
1933,any,,1865,608
1933,birth,,729,392
1933,death,,304,273
1933,marriage,,168,76
1933,residence,,51,37
1934,any,,1543,412
1934,birth,,565,354
1934,death,,271,171
1934,marriage,,169,35
1934,residence,,88,92
1935,any,,2280,1281
1935,birth,,777,847
1935,death,,389,449
1935,marriage,,308,489
1935,residence,,149,77
1936,any,,2016,469
1936,birth,,469,325
1936,death,,400,213
1936,marriage,,152,106
1936,residence,,57,25
1937,any,,1592,889
1937,birth,,533,725
1937,death,,230,164
1937,marriage,,116,385
1937,residence,,28,92
1938,any,,2094,433
1938,birth,,574,350
1938,death,,296,215
1938,marriage,,322,184
1938,residence,,40,23
1939,any,,1795,422
1939,birth,,549,320
1939,death,,246,160
1939,marriage,,134,105
1939,residence,,171,101
1940,any,,4444,2836
1940,birth,,1459,1313
1940,death,,1129,752
1940,marriage,,712,738
1940,residence,,480,347
1941,any,,1526,434
1941,birth,,418,269
1941,death,,321,214
1941,marriage,,244,104
1941,residence,,105,34
1942,any,,1894,563
1942,birth,,598,354
1942,death,,433,224
1942,marriage,,185,104
1942,residence,,97,82
1943,any,,1582,501
1943,birth,,580,240
1943,death,,293,259
1943,marriage,,177,70
1943,residence,,50,75
1944,any,,1916,555
1944,birth,,560,304
1944,death,,466,149
1944,marriage,,232,119
1944,residence,,238,87
1945,any,,2249,1198
1945,birth,,543,550
1945,death,,553,403
1945,marriage,,212,309
1945,residence,,141,181
1946,any,,1973,345
1946,birth,,501,152
1946,death,,384,127
1946,marriage,,141,69
1946,residence,,95,25
1947,any,,1674,448
1947,birth,,554,194
1947,death,,255,182
1947,marriage,,179,66
1947,residence,,54,20
1948,any,,1791,417
1948,birth,,661,229
1948,death,,321,146
1948,marriage,,269,105
1948,residence,,78,38
1949,any,,1544,366
1949,birth,,500,175
1949,death,,318,151
1949,marriage,,192,53
1949,residence,,54,31
1950,any,,3652,4050
1950,birth,,1069,1435
1950,death,,716,993
1950,marriage,,440,684
1950,residence,,550,863
1951,any,,1440,527
1951,birth,,491,243
1951,death,,273,146
1951,marriage,,154,158
1951,residence,,10,23
1952,any,,1440,747
1952,birth,,500,216
1952,death,,448,224
1952,marriage,,102,74
1952,residence,,85,42
1953,any,,1534,483
1953,birth,,506,254
1953,death,,320,231
1953,marriage,,158,211
1953,residence,,58,71
1954,any,,1363,326
1954,birth,,332,150
1954,death,,299,107
1954,marriage,,98,41
1954,residence,,56,46
1955,any,,1733,974
1955,birth,,642,505
1955,death,,290,408
1955,marriage,,220,232
1955,residence,,110,75
1956,any,,1127,397
1956,birth,,350,178
1956,death,,355,142
1956,marriage,,124,76
1956,residence,,31,68
1957,any,,1460,436
1957,birth,,666,307
1957,death,,271,156
1957,marriage,,178,72
1957,residence,,114,37
1958,any,,1405,434
1958,birth,,406,246
1958,death,,338,157
1958,marriage,,207,116
1958,residence,,68,59
1959,any,,1236,385
1959,birth,,458,261
1959,death,,204,150
1959,marriage,,103,47
1959,residence,,52,25
1960,any,,2070,2310
1960,birth,,727,764
1960,death,,680,816
1960,marriage,,284,402
1960,residence,,243,475
1961,any,,880,235
1961,birth,,341,122
1961,death,,160,101
1961,marriage,,50,54
1961,residence,,61,27
1962,any,,1109,381
1962,birth,,368,287
1962,death,,291,244
1962,marriage,,83,81
1962,residence,,80,124
1963,any,,1016,486
1963,birth,,344,193
1963,death,,234,83
1963,marriage,,118,91
1963,residence,,59,98
1964,any,,1384,502
1964,birth,,366,237
1964,death,,377,289
1964,marriage,,51,137
1964,residence,,19,74
1965,any,,1474,773
1965,birth,,575,239
1965,death,,362,286
1965,marriage,,159,66
1965,residence,,168,85
1966,any,,1047,412
1966,birth,,271,216
1966,death,,223,116
1966,marriage,,149,90
1966,residence,,46,29
1967,any,,1223,486
1967,birth,,479,228
1967,death,,318,276
1967,marriage,,80,113
1967,residence,,86,84
1968,any,,1351,823
1968,birth,,703,231
1968,death,,279,333
1968,marriage,,145,139
1968,residence,,106,182
1969,any,,1225,578
1969,birth,,473,283
1969,death,,298,257
1969,marriage,,65,122
1969,residence,,41,88
1970,any,,2031,1929
1970,birth,,687,712
1970,death,,783,467
1970,marriage,,182,341
1970,residence,,168,275
1971,any,,1337,382
1971,birth,,470,149
1971,death,,255,107
1971,marriage,,178,42
1971,residence,,17,2
1972,any,,1176,667
1972,birth,,496,451
1972,death,,449,438
1972,marriage,,263,174
1972,residence,,107,101
1973,any,,1157,383
1973,birth,,344,175
1973,death,,187,187
1973,marriage,,79,39
1973,residence,,25,45
1974,any,,1434,295
1974,birth,,364,150
1974,death,,352,102
1974,marriage,,74,28
1974,residence,,102,38
1975,any,,1213,692
1975,birth,,331,315
1975,death,,364,292
1975,marriage,,132,91
1975,residence,,61,64
1976,any,,1005,286
1976,birth,,398,97
1976,death,,291,127
1976,marriage,,120,50
1976,residence,,73,33
1977,any,,1000,391
1977,birth,,310,140
1977,death,,208,198
1977,marriage,,64,19
1977,residence,,47,55
1978,any,,1153,426
1978,birth,,341,177
1978,death,,233,155
1978,marriage,,108,59
1978,residence,,42,43
1979,any,,937,339
1979,birth,,274,122
1979,death,,218,142
1979,marriage,,90,21
1979,residence,,21,16
1980,any,,1765,1753
1980,birth,,593,548
1980,death,,645,715
1980,marriage,,169,364
1980,residence,,126,224
1981,any,,997,424
1981,birth,,238,151
1981,death,,224,201
1981,marriage,,62,30
1981,residence,,29,34
1982,any,,1067,341
1982,birth,,317,157
1982,death,,232,170
1982,marriage,,91,20
1982,residence,,33,59
1983,any,,1029,273
1983,birth,,258,144
1983,death,,165,118
1983,marriage,,81,13
1983,residence,,32,16
1984,any,,1207,332
1984,birth,,424,193
1984,death,,238,135
1984,marriage,,104,89
1984,residence,,69,88
1985,any,,1228,629
1985,birth,,437,278
1985,death,,393,230
1985,marriage,,102,63
1985,residence,,89,37
1986,any,,1127,443
1986,birth,,313,234
1986,death,,199,255
1986,marriage,,102,50
1986,residence,,23,42
1987,any,,1097,402
1987,birth,,342,212
1987,death,,258,221
1987,marriage,,51,56
1987,residence,,33,33
1988,any,,1077,329
1988,birth,,305,152
1988,death,,183,175
1988,marriage,,71,18
1988,residence,,53,45
1989,any,,1121,353
1989,birth,,349,131
1989,death,,238,155
1989,marriage,,77,24
1989,residence,,34,9
1990,any,,1315,1514
1990,birth,,374,488
1990,death,,362,346
1990,marriage,,122,128
1990,residence,,78,124
1991,any,,893,323
1991,birth,,235,134
1991,death,,203,93
1991,marriage,,20,25
1991,residence,,16,4
1992,any,,891,428
1992,birth,,275,186
1992,death,,187,208
1992,marriage,,19,83
1992,residence,,29,34
1993,any,,1004,372
1993,birth,,298,165
1993,death,,200,162
1993,marriage,,52,21
1993,residence,,96,100
1994,any,,999,406
1994,birth,,269,137
1994,death,,207,147
1994,marriage,,72,41
1994,residence,,44,36
1995,any,,1136,597
1995,birth,,336,234
1995,death,,250,269
1995,marriage,,60,40
1995,residence,,32,58
1996,any,,1058,368
1996,birth,,272,121
1996,death,,205,140
1996,marriage,,47,27
1996,residence,,38,33
1997,any,,1013,370
1997,birth,,229,145
1997,death,,153,176
1997,marriage,,46,16
1997,residence,,6,12
1998,any,,1125,329
1998,birth,,407,109
1998,death,,258,125
1998,marriage,,19,16
1998,residence,,52,3
1999,any,,969,573
1999,birth,,218,229
1999,death,,216,202
1999,marriage,,42,61
1999,residence,,44,47
2000,any,,1663,2853
2000,birth,54,596,580
2000,death,284,550,431
2000,marriage,26,134,87
2000,other,14,,
2000,residence,8,203,223
2001,any,,1010,383
2001,birth,,305,139
2001,death,,214,108
2001,marriage,,32,34
2001,residence,,58,23
2002,any,,940,377
2002,birth,,278,185
2002,death,,198,180
2002,marriage,,46,50
2002,residence,,33,50
2003,any,,1095,376
2003,birth,,393,169
2003,death,,220,181
2003,marriage,,76,100
2003,residence,,68,120
2004,any,,1018,386
2004,birth,,270,157
2004,death,,277,183
2004,marriage,,19,38
2004,residence,,74,14
2005,any,,914,410
2005,birth,,244,195
2005,death,,278,171
2005,marriage,,24,29
2005,residence,,34,25
2006,any,,1005,311
2006,birth,,327,139
2006,death,,237,98
2006,marriage,,39,22
2006,residence,,50,17
2007,any,,1025,416
2007,birth,,315,220
2007,death,,147,228
2007,marriage,,9,5
2007,residence,,46,17
2008,any,,847,358
2008,birth,,209,177
2008,death,,176,157
2008,marriage,,22,19
2008,residence,,18,61
2009,any,,795,399
2009,birth,,259,124
2009,death,,237,231
2009,marriage,,49,42
2009,residence,,40,42
2010,any,,794,814
2010,birth,,176,216
2010,death,,359,320
2010,marriage,,104,96
2010,residence,,17,110
2011,any,,563,287
2011,birth,,177,90
2011,death,,225,155
2011,marriage,,46,40
2011,residence,,43,12
2012,any,,512,436
2012,birth,,157,167
2012,death,,284,266
2012,marriage,,52,69
2012,residence,,17,37
2013,any,,317,332
2013,birth,,117,132
2013,death,,137,155
2013,marriage,,55,60
2013,residence,,44,49
2014,any,,263,292
2014,birth,,66,188
2014,death,,135,174
2014,marriage,,28,67
2014,residence,,14,55
2015,any,,389,540
2015,birth,,126,184
2015,death,,249,305
2015,marriage,,48,26
2015,residence,,31,54
2016,any,,280,245
2016,birth,,66,64
2016,death,,178,121
2016,marriage,,15,3
2016,residence,,9,40
2017,any,,413,373
2017,birth,,116,125
2017,death,,267,280
2017,marriage,,67,56
2017,residence,,40,60
2018,any,,406,399
2018,birth,,183,145
2018,death,,264,246
2018,marriage,,99,35
2018,residence,,40,79
2019,any,,365,352
2019,birth,,153,122
2019,death,,227,161
2019,marriage,,91,43
2019,residence,,29,20
2020,any,,481,1014
2020,birth,,220,236
2020,death,,370,405
2020,marriage,,134,51
2020,residence,,29,98
2021,any,,427,424
2021,birth,,124,154
2021,death,,314,222
2021,marriage,,50,53
2021,residence,,19,51
2022,any,,538,898
2022,birth,,152,284
2022,death,,298,401
2022,marriage,,72,64
2022,residence,,38,125
2023,any,,414,6446
2023,birth,,81,2493
2023,death,,184,473
2023,marriage,,23,536
2023,residence,,16,1120
2027,birth,,,1
